title,date,target,topic
'China Inside': How Chinese EV tech is reshaping global auto design,2025-09-11,semiconductor_electronics,3
"‘Unprecedented’: Israel, US carry out extensive strikes across Iran",2026-03-23,shipping_chokepoints,2
"8.8 quake hits Russia, Japan, Hawaii coasts",2025-07-31,semiconductor_electronics,7
"AI boom causing global memory crisis, warn Dell, HP and Lenovo",2025-11-27,semiconductor_electronics,5
"Alarms ring at speaker, wearables, TV makers on Chinese rare-earth squeeze",2025-06-19,critical_materials,3
"Amid disappointing UK growth, how can Rachel Reeves escape the doom loop? - NewsBreak",2025-11-13,european_auto,3
Apple Prices Climb and the AI Trade Roars Back | Open Interest 6/25/2026,2026-06-26,semiconductor_electronics,5
"Apple Raises Mac, iPad Prices as Memory Shortage Pushes Up Costs",2026-06-25,semiconductor_electronics,5
"Archives from world/2025/07/30/59016 • 【World News】• breaking news, topics and news | FAKTI.BG",2025-07-30,semiconductor_electronics,7
Asian shares follow Wall Street lower as AI worries drag tech stocks lower,2025-12-18,semiconductor_electronics,5
Asia Wrap: Black Gold Rattles Markets as Oil Clears $100,2026-03-12,shipping_chokepoints,4
Australia scrambles to secure energy as war on Iran fuels uncertainty,2026-04-17,shipping_chokepoints,4
BMW Freezes EV Production in U.S. Amid Rising Tariff Concerns,2025-05-08,european_auto,3
Brent Crude Prices Surge Amid Iran War and U.S. Blockade,2026-04-30,shipping_chokepoints,1
BT EXPLAINED: How the West Asia war has threatened India's energy security - BusinessToday,2026-03-12,shipping_chokepoints,4
California: First ILWU strike against sugar giant in decades,2026-06-26,us_logistics,2
Canada Factory Sales Fall 1.2% in November | MarketScreener,2026-01-15,semiconductor_electronics,3
"Buy US Oil Or Secure Hormuz Yourself"": Donald Trump's Message To Nations Facing Fuel Shortages - The Logical Indian",2026-04-02,shipping_chokepoints,8
China lithium futures near 3-month high after Zangge announces production halt | MarketScreener,2025-07-17,critical_materials,3
China's economy grew 5 percent in Q1 despite the Middle East war - Pravda EN,2026-04-16,shipping_chokepoints,0
China's rare earth retaliation tests Korea's diplomacy,2026-01-07,critical_materials,3
China's EV Clampdown: India's Auto Industry in Crisis,2025-06-19,critical_materials,3
Crude Oil Prices Soar to 2024 Peak Amid Hormuz Strait Blockade Crisis,2026-03-05,shipping_chokepoints,1
Duffy Receives Bipartisan Support in Committee Hearing,2025-01-16,us_logistics,0
"G.Skill Blames AI Industry For Sky-High DRAM Prices Says ""Purchasers Should Be Mindful"" Of Prices",2025-12-18,semiconductor_electronics,5
How the Iran war could trigger a fresh food crisis,2026-03-12,shipping_chokepoints,4
Hyundai halts Ioniq 5 and Kona Electric production amid declining EV demand - The Korea Times,2025-02-07,european_auto,3
Hyundai Halts Ioniq 5 and Kona EV Production Amid Slowing Demand,2025-02-07,european_auto,3
Iran war threatens prolonged impact on energy markets as oil prices rise,2026-03-08,shipping_chokepoints,4
Iran war: What is happening on day 20 of US-Israel attacks? | US-Israel war on Iran News | Al Jazeera,2026-03-19,shipping_chokepoints,2
Iran war: What is happening on day nine of US-Israel attacks?,2026-03-08,shipping_chokepoints,2
Iran war: What is happening on day 10 of US-Israel attacks?,2026-03-09,shipping_chokepoints,2
Iran war: What’s happening on day 62 as Trump asks Iran to ‘give up’?,2026-04-30,shipping_chokepoints,0
Iran war: What is happening on day 21 of US-Israel attacks?,2026-03-20,shipping_chokepoints,2
Iranian plane makes mysterious landing in Oman. Will Trump give Tehran one last chance?- The Week,2025-06-19,shipping_chokepoints,6
"LIVE: Saudi Arabia FORCES UAE To SURRENDER, UAE Forces Leave Yemen After Mukalla Port Strikes",2026-01-01,shipping_chokepoints,9
Memory crisis hits such extremes that 'even Apple can't be safe',2026-06-19,semiconductor_electronics,5
"Nissan global sales in 2022 drop 20.7%, production down 9.4% - PerformanceDrive",2025-05-08,semiconductor_electronics,3
Oil jumps more than 3% as Hormuz disruption deepens in Iran war,2026-03-05,shipping_chokepoints,1
Oil Climbs As Iran Steps Up Attacks On Gulf Shipping,2026-03-12,shipping_chokepoints,1
Oil leaps 3% on supply concerns as Iran conflict widens | MarketScreener Saudi Arabia,2026-03-05,shipping_chokepoints,1
Oil Surges 3% On Supply Concerns As Iran Conflict,2026-03-05,shipping_chokepoints,1
Oil prices surge after Israeli strike on Iran’s South Pars gasfield,2026-03-19,shipping_chokepoints,1
Oil prices jump above $100 for first time in four years,2026-03-09,shipping_chokepoints,1
Press release - €1.8 million EU support to help workers in Austria find a new job | Politiek,2026-03-26,european_auto,2
PM seeks to reassure Australians over fuel supply amid panic buying,2026-03-27,shipping_chokepoints,4
Qatar halts natural gas production after Iranian attacks,2026-03-02,shipping_chokepoints,2
Protests Rock Iran as Economy Craters and Anger Boils Over [WATCH],2026-01-01,shipping_chokepoints,2
QatarEnergy declares force majeure on some LNG contracts amid Iran war,2026-03-24,shipping_chokepoints,2
RIOTS erupt in Italy after Rome rejects Palestinian statehood - NaturalNews.com,2025-09-25,european_auto,2
Rising Tensions: Middle East Conflict Hikes Oil Prices Beyond USD 100 | Politics,2026-03-12,shipping_chokepoints,4
Qualcomm stock price drops 11% premarket after weak forecast flags memory crunch,2026-02-05,semiconductor_electronics,5
Server crash halts LPG bookings across Punjab as fuel crisis intensifies,2026-03-12,shipping_chokepoints,4
Saudi assurance on oil shipments lifts PSX,2026-03-05,shipping_chokepoints,10
Slovak PM vows to derail key EU summit,2025-10-16,critical_materials,2
Southeast Asia’s leaders confront fallout from Iran war at ASEAN summit,2026-05-08,shipping_chokepoints,5
China floods: more than 30 killed in Beijing and tens of thousands evacuated,2025-07-29,semiconductor_electronics,7
Trump is betting his blockade will defy history and break Iran,2026-04-30,shipping_chokepoints,0
UK growth slows down to a crawl in Q3 ahead of crucial budget - NewsBreak,2025-11-13,european_auto,3
UK economic growth slows ahead of Budget after JLR shutdown,2025-11-13,european_auto,3
UK economy back to growth but it could be the last for a while,2026-04-16,european_auto,3
Tsunami LIVE updates: First waves hit Hawaii as massive earthquake off Russia triggers evacuations,2025-07-30,semiconductor_electronics,7
US eases sanctions on Russian oil sales to India during Iran conflict,2026-03-06,shipping_chokepoints,8
Why QatarEnergy’s LNG production halt could shake up global gas markets,2026-03-03,shipping_chokepoints,2
Will the US benefit from the oil crisis sparked by the war on Iran?,2026-03-05,shipping_chokepoints,8
Will the ceasefire have any impact on UK fuel and food prices?,2026-04-08,shipping_chokepoints,8
China's export ban: Japan-bashing is backfiring,2026-02-26,critical_materials,3
"As US and Iran weigh peace deal, stranded seafarers wait in limbo",2026-05-08,shipping_chokepoints,0
Caught in the crossfire: US-Israel war on Iran fractures Gulf economies,2026-03-12,shipping_chokepoints,4
Tsunami alert for Japan and Hawaii after massive earthquake east of Russia,2025-07-30,semiconductor_electronics,7
"[SMM Chromium Daily Review] Quotes Continued to Rise, Strong Willingness to Hold Prices Firm",2026-03-05,semiconductor_electronics,3
"'Horrendously High' Fares, Bomb Fears Upend Spring Travel",2026-03-12,shipping_chokepoints,6
"‘Reprehensible’: New wave of Iranian missiles, drones target Gulf nations",2026-03-09,shipping_chokepoints,9
"8.8-magnitude earthquake sends tsunami into coasts of Russia, Japan and Alaska",2025-07-30,semiconductor_electronics,7
US bans sale of new foreign-made routers | Information Age | ACS,2026-03-26,semiconductor_electronics,0
"Aluminium Prices Hit 4‑Year High NALCO, Vedanta & Hindalco Key Gainers On The Uptick | CNBC TV18",2026-03-05,shipping_chokepoints,10
"Apple supplier Varta to cut 350 jobs, halt button cell production By Investing",2026-05-19,european_auto,5
"Airlines hike fares, cut millions of seats as Iran war drives up fuel costs",2026-05-06,shipping_chokepoints,6
Asian Shares Decline Amid U.S. Market Turmoil and Anticipation of Inflation Update - SSBCrack News,2025-12-18,semiconductor_electronics,5
"Centre's claims of no significant Gulf war impact on India wrong, says Shiv Sena(UBT) in 'Saamana' - www.lokmattimes.com",2026-03-12,shipping_chokepoints,4
China lithium futures near 3-month high after Zangge announces production halt | MarketScreener India,2025-07-17,critical_materials,3
Cobalt Prices Surge as DRC Extends Export Ban to September,2025-06-26,critical_materials,3
Cyberattack on Jaguar Land Rover deepens crisis in Britain's car industry,2025-09-25,european_auto,3
Chinese lithium miner says industry under stricter supervision | MarketScreener,2025-09-04,critical_materials,3
Force majeure: What is it and why have some Gulf countries invoked it?,2026-03-13,shipping_chokepoints,2
Faisal Islam: Oil price spiral may be slowed but not stopped by G7 emergency move,2026-03-09,shipping_chokepoints,1
Fwd from @. The Price of War for Oil Giants - Pravda EN,2026-03-12,shipping_chokepoints,4
Gov't expands fuel tax cut in preparation for looming energy crisis,2026-03-26,shipping_chokepoints,4
How badly has the Iran war hit the global economy? The tell-tale signs,2026-03-16,shipping_chokepoints,4
IEA announces release of 400 million barrels of oil. But is it enough?,2026-03-13,shipping_chokepoints,1
Iran war is latest threat to a global economy rattled by Trump,2026-03-07,shipping_chokepoints,4
Iran’s closure of the Strait of Hormuz is an international crisis,2026-03-25,shipping_chokepoints,0
"Libya’s oil disputes mirror Hormuz crisis, fuel European energy fears",2026-04-07,shipping_chokepoints,8
"Jaguar Land Rover was not insured for cyber attack, journal claims | Money News | Sky News",2025-09-25,european_auto,3
Nissan says it has halted US production of three models sold in Canada | MarketScreener,2025-07-09,european_auto,3
Oil prices drop below $95 and Asian stocks hit record highs as Iran peace deal hopes grow,2026-04-16,shipping_chokepoints,1
"Over 8,000 flights cancelled as major winter storm bears down across US",2026-01-24,us_logistics,6
Pakistan orders sweeping austerity measures as Iran war triggers oil crisis,2026-03-10,shipping_chokepoints,0
Poland ‘closer to military conflict than at any time since WW2’ as Nato allies weigh response to Russian drones,2025-09-11,european_auto,2
Qatar rejects attempts to ‘drive wedge’ with US over gas pause,2026-03-13,shipping_chokepoints,2
"Southeast Asia shuts offices, limits travel as oil crisis deepens",2026-03-12,shipping_chokepoints,4
"Sensex tanks 1,000 points as crude oil crosses $100 mark",2026-03-12,shipping_chokepoints,10
"Tata Motors Share Price: JLR Cyberattack Takes Toll On Parent Firm With Potential 2-Billion-Pound Loss, Supplier Strain",2025-09-25,european_auto,3
Tensions in the Gulf Spike European Gas Prices | Headlines,2026-03-12,shipping_chokepoints,1
The memory shortage shaking Apple and Microsoft is 'existential crisis' for smaller players,2026-06-27,semiconductor_electronics,5
"️️️Three years ago, Ursula von der Leyen spoke of microchips taken from dishwashers for Russian missiles, and now Europe is facing a shortage of semiconductors - Pravda EU",2025-11-13,european_auto,3
Trump says Iran gas field attack carried out by Israel,2026-03-19,shipping_chokepoints,2
Two ships hit near Strait of Hormuz as fears grow of oil price rises,2026-03-02,shipping_chokepoints,1
Trade war shocker sends Nvidia stock reeling,2025-04-17,semiconductor_electronics,5
US imposes sanctions against 6 Indian companies over Iran oil trade | World News - Hindustan Times,2025-07-31,shipping_chokepoints,4
"Who are the Gulf’s military allies, and how are they helping in Iran war?",2026-03-20,shipping_chokepoints,9
"Watch: Typhoon Ragasa: Lake burst Kills 14, 124 missing in Taiwan",2025-09-24,semiconductor_electronics,7
"Why are Iran’s South Pars gasfield, Qatar’s Ras Laffan, so significant?",2026-03-19,shipping_chokepoints,2
World shares are mixed after AI worries drag Wall Street tech stocks lower,2025-12-18,semiconductor_electronics,5
Los Angeles Warehouse Fire Smoke Chokes Southern California for Fifth Day,2026-06-23,us_logistics,2
Oil rises on supply concerns as Iran conflict widens,2026-03-05,shipping_chokepoints,1
UK economy unexpectedly shrinks in September as JLR hack hammers production output - business live - NewsBreak,2025-11-13,european_auto,3
"'69 million barrels Iran can't sell': After 2 weeks of US naval blockade in Hormuz, what next? - The Times of India",2026-04-30,shipping_chokepoints,0
"'Agreements Reached': US, Iran Seal Deal To Reopen Strait Of Hormuz, Ease Naval Blockade",2026-05-07,shipping_chokepoints,0
‘I came back from the dead’: 21 hours underground after DRC mine collapse,2026-02-06,critical_materials,7
'The View' co-hosts quarrel over embracing ex-Trump supporters such as Marjorie Taylor Greene,2026-04-16,shipping_chokepoints,0
'US BLOCKADE OF IRANIAN PORTS FULLY IMPLEMENTED' - Adm Brad Cooper - Pravda EN,2026-04-16,shipping_chokepoints,0
"'We are facing the biggest energy security threat in history,' IEA chief tells CNBC. Watch live",2026-04-23,shipping_chokepoints,4
"$200 Oil Scenario? Could Push Global Economy Into Recession, Warns BNP Paribas",2026-04-30,shipping_chokepoints,1
[US Pre-Market] Trump Considers Resuming Military Strikes Against Iran. Hypersonic Missiles May Be Deployed in Combat for the First Time. Brent Crude Hits Four-Year High of $126,2026-04-30,shipping_chokepoints,1
A divided America processes a war that Trump has scarcely explained.,2026-04-16,shipping_chokepoints,0
"After strike on India-bound vessel, MEA says it deplores attacks on commercial shipping",2026-03-12,shipping_chokepoints,0
"Air fares soar by nearly a quarter, research shows",2026-04-22,shipping_chokepoints,6
Airlines cancelling flights as jet fuel crisis worsens amid Middle East tensions,2026-04-23,shipping_chokepoints,6
Airlines suspend Middle East flights,2025-06-17,shipping_chokepoints,6
Airlines slash flights globally as Middle East war drives jet fuel prices sky high,2026-03-12,shipping_chokepoints,6
Antipodean Currencies Weaken Amid Risk-off Mood,2026-04-23,shipping_chokepoints,8
"As US-Iran talks remain ‘stalled’, experts warn of ‘long-term disruptions’",2026-04-29,shipping_chokepoints,8
Asia Energy Squeeze Worsens as Supply Cushion Melts | Investing.com UK,2026-04-23,shipping_chokepoints,5
"Asian stock exchanges in the red, Tokyo -1.3% - Il Sole 24 ORE",2026-03-12,shipping_chokepoints,1
"Asian stocks fall, KOSPI pulls back after reaching record highs",2026-04-23,shipping_chokepoints,0
"Breaking: USD/INR hits record highs amid spike in oil prices, Fed's hawkish hold",2026-04-30,shipping_chokepoints,10
Brent Crude Hits $125 Amid Iran War Concerns | النهار,2026-04-30,shipping_chokepoints,1
"Brent crude hits 4-year high at $120+, what's causing the surge in oil prices? | World News",2026-04-30,shipping_chokepoints,1
Brent crude soars more than 5% after Trump blockade warning,2026-04-30,shipping_chokepoints,1
"Brent Crude Surges Past $109 as Iran-Israel Strikes Hit South Pars, Strait of Hormuz Disrupted",2026-03-19,shipping_chokepoints,1
"Brent crude surges past $125 amid US-Iran tensions, blockade fears - Daijiworld.com",2026-04-30,shipping_chokepoints,1
Brent crude surges past $126 as US weighs renewed Iran strikes,2026-04-30,shipping_chokepoints,1
Brent crude tops $100 per barrel again on renewed US-Iran Hormuz tensions,2026-04-23,shipping_chokepoints,1
Brent near $102 WTI $93 amid Strait of Hormuz tensions,2026-04-23,shipping_chokepoints,1
Brent over $120 as markets see no imminent end to war,2026-04-30,shipping_chokepoints,1
Chinese Shares Slide as Middle East Tensions Rise Wus Printed Jumps 4% on Better Q1 Performance,2026-04-23,shipping_chokepoints,5
Chipwrecked: Nvidia's Export Ban Triggers ETF Meltdown (And One Big Winner) - NVIDIA (NASDAQ:NVDA) - Benzinga,2025-04-17,semiconductor_electronics,3
"Closing Bell Movers: Micron rallies 7% on earnings, | Markets Insider",2025-12-18,shipping_chokepoints,5
Corn Futures Higher as Natural Gas Prices Rise - Daily Grain Highlights | Morningstar,2026-03-20,shipping_chokepoints,1
Copper Extends Gains on Mideast Optimism | Hellenic Shipping News Worldwide,2026-04-16,shipping_chokepoints,11
Crude oil surges over $120 a barrel on Iran war worries,2026-04-30,shipping_chokepoints,1
Crude Prices Rally as Strait of Hormuz Remains Blocked,2026-04-10,shipping_chokepoints,1
Crude Surges Past $120 to 4-Year High on Reports of Potential US Strike on Iran,2026-04-30,shipping_chokepoints,1
"Disruptions in Middle Eastern oil have driven up Russian oil sales, with oil tax revenue expected to double in April alone!",2026-04-10,shipping_chokepoints,1
Dollar holds firm as angst over Iran-US stand-off drives safe-haven demand,2026-04-23,shipping_chokepoints,11
"Donald Trump Calls US Blockade On Iran ""Genius"", Says No Deal Without Nuclear Rollback",2026-04-30,shipping_chokepoints,0
Donald Trump Says Higher Oil Prices Are 'Worth It',2026-05-07,shipping_chokepoints,1
Donald Trump says US naval blockade of Iran remains until Tehran agrees a nuclear programme deal,2026-04-30,shipping_chokepoints,0
Dow Jones futures retreats as US-Iran peace efforts stall,2026-04-23,shipping_chokepoints,0
Dow Jones futures rise on prospects of renewed US-Iran negotiations,2026-04-16,shipping_chokepoints,5
Dow Jones Top Markets Headlines at 5 AM ET: Global Markets Mixed Energy Stocks Boosted by Russian Oil Tariffs | U.S. ... | Morningstar,2025-10-23,semiconductor_electronics,1
Dubai Transforms to Ghost Town Amid War,2026-03-12,shipping_chokepoints,2
EU warns of summer flight cancellations due to jet fuel crisis,2026-04-23,shipping_chokepoints,6
EU wildfires worst on record as burning season continues,2025-08-22,european_auto,2
Europeans 'Fed Up' as Gulf Crisis Hits Home - Hard,2026-04-23,shipping_chokepoints,4
European Union summit will focus on Iran war and a loan to Ukraine blocked by Hungary,2026-03-19,european_auto,2
Exclusive: Central Freight Lines to shut down after 96 years,2021-12-14,us_logistics,6
Factbox: Airlines suspend Middle East flights,2025-06-26,shipping_chokepoints,6
"Fertiliser shortages to have dramatic effect on food prices, says Duke of Westminster's firm",2026-05-07,shipping_chokepoints,4
"Food prices likely to rise due to Iran war, farmers' union says",2026-03-22,shipping_chokepoints,4
Frank Gardner: What is China's role in the Iran war?,2026-04-16,shipping_chokepoints,0
France rules out lifting Iran sanctions as Hormuz blockade persists,2026-05-07,shipping_chokepoints,0
"Fresh explosions in Jerusalem, tanker hit off Kuwait, Saudi Arabia intercepts drone amid regional tensions",2026-03-05,shipping_chokepoints,2
French warship moves towards Hormuz for possible defensive mission,2026-05-07,shipping_chokepoints,0
"FTSE 100 Live: Stocks set to drop as oil crosses $100 a barrel, UK deficit in line",2026-04-23,shipping_chokepoints,1
G7 welcomes potential record release of oil reserves as prices surge,2026-03-11,shipping_chokepoints,1
Global airlines hike ticket prices as Iran war sends costs soaring,2026-03-11,shipping_chokepoints,6
Global Aviation Industry Faces Crisis as Jet Fuel Prices Soar Amid US-Israeli Conflict - SSBCrack News,2026-04-23,shipping_chokepoints,6
Global oil price hits 4-year high on concern of US-Iran war escalation - CNA,2026-04-30,shipping_chokepoints,1
Global oil prices climb back above $100 per barrel over possibility of prolonged Middle East conflict,2026-03-12,shipping_chokepoints,1
Gold Falls as US-Iran Hormuz Standoff Heightens Inflation Risk,2026-04-23,shipping_chokepoints,11
Gold falls on oil-driven inflation fears U.S.-Iran developments in focus,2026-04-23,shipping_chokepoints,1
"Gold gains over 1%, spotlight on US-Iran ceasefire and CPI data | Kitco News",2026-04-10,shipping_chokepoints,11
"Gold rises to $4,740 amid regional tensions - PanARMENIAN.Net",2026-04-09,shipping_chokepoints,11
"Hegseth says US blockade to continue, ready for new attacks on Iran energy",2026-04-16,shipping_chokepoints,0
Hormuz Shutdown Deepens as Only One Major Tanker Breaks Through,2026-04-30,shipping_chokepoints,0
"Hormuz Standoff Deepens As Qalibaf Says US Bullying Failed, Iran Won't Yield Under Pressure",2026-04-23,shipping_chokepoints,0
"Hopes dim for swift end to Iran war after Trump speech, oil prices surge anew",2026-04-02,shipping_chokepoints,2
Hopes for Xi-Trump summit fade amid Beijing's tough moves and rising tensions,2025-10-23,critical_materials,0
https://abcnews.com/video/132034491/,2026-04-14,shipping_chokepoints,0
Hungary to Deploy Troops to Protect itself from Ukraine? - Worldnews.com,2026-02-26,european_auto,2
Intense Exercises Around Taiwan Increase Escalation Pressure,2026-01-01,semiconductor_electronics,2
Iran calls US ship seizure ‘piracy’: Is it?,2026-04-22,shipping_chokepoints,0
Russian Oil Revenue Surges Amid Global Energy Crisis | Headlines,2026-04-09,shipping_chokepoints,1
Iran blocks US weapons transit through Hormuz - Pakistan Today - Pakistan Today,2026-05-14,shipping_chokepoints,0
Iran Crisis Monitor #5,2026-05-14,shipping_chokepoints,0
"Iran Crisis Worsens as Oman Evacuates Port, Ships Hit | MarketScreener Saudi Arabia",2026-03-12,shipping_chokepoints,9
Iran CRUSHED by blockade as billions VANISH,2026-04-16,shipping_chokepoints,0
Iran fires fresh missile barrage at Israel as US Senate blocks move to halt Trump's war powers,2026-03-05,shipping_chokepoints,2
Iran insists Strait of Hormuz closed as long as US blockade remains,2026-04-23,shipping_chokepoints,0
Iran lists reasons why negotiations with US are failing,2026-04-23,shipping_chokepoints,0
Iran Receives First Revenue From Strait of Hormuz Tolls Amid War: Report,2026-04-23,shipping_chokepoints,0
Iran rolls the dice if they underestimate U.S. resolve | EDITORIAL | Editorials | Opinion,2026-04-09,shipping_chokepoints,2
Iran Sanctions: US Unveils Record-Breaking Economic Pressure,2025-07-31,shipping_chokepoints,2
"Iran Seizes Ship in Strait of Hormuz, Oil Prices Hold Above US$100",2026-04-23,shipping_chokepoints,1
"Iran targets fuel facilities, sending oil soaring again - Digital Journal",2026-03-12,shipping_chokepoints,2
Iran shut airspace amid rising tension with US: How Indian airlines were affected,2026-01-15,shipping_chokepoints,6
Iran urges EU to pressure U.S. and Israel to end war,2026-03-19,shipping_chokepoints,2
Iran Seizes Two Ships In Hormuz Amid Rising Tensions With US | Strait Of Hormuz |US-Iran Talks|N18G,2026-04-23,shipping_chokepoints,0
Iran Steps Up Attacks On Tankers & Facilities As Oil Surges | MarketScreener Australia,2026-03-12,shipping_chokepoints,9
"Iran war cost will be passed to consumers, shipping giant boss tells BBC",2026-03-11,shipping_chokepoints,1
Iran war causes biggest jump in UK service sector cost…,2026-04-23,shipping_chokepoints,4
Iran war live: Pakistan in push for new round of US-Iran peace negotiations,2026-04-16,shipping_chokepoints,2
Iran war overshadows Trump's China visit as peace talks stall,2026-05-14,shipping_chokepoints,0
Iran war overshadows Trump's China visit as peace talks stall - AL-MONITOR: The Middle Eastʼs leading independent news source since 2012,2026-05-14,shipping_chokepoints,0
Iran war overshadows Trump's China visit as peace talks stall | The Straits Times,2026-05-14,shipping_chokepoints,0
Iran War: Arnab Calls Out Rahul Gandhi For Seeing Opportunity In LPG Crisis,2026-03-12,shipping_chokepoints,4
Iran war: What is happening on day 50 of the US-Iran conflict?,2026-04-18,shipping_chokepoints,0
Iran war: What is happening on day 13 of US-Israel attacks?,2026-03-12,shipping_chokepoints,2
Iran war: What is happening on day seven of US-Israel attacks?,2026-03-06,shipping_chokepoints,2
Iran war: What’s happening on day 59 amid diplomatic push to end conflict?,2026-04-27,shipping_chokepoints,2
Iran war: What’s happening on day 66 as Trump announces Hormuz mission?,2026-05-04,shipping_chokepoints,0
Iran warns of 'terrifying weapon' as US maintains blockade - CGTN,2026-04-30,shipping_chokepoints,0
Iran Will Not Open the Strait of Hormuz While the U.S. Continues to Block Its Ports,2026-04-23,shipping_chokepoints,0
Iran war: What’s happening on day 63 as Trump signals possible attacks,2026-05-01,shipping_chokepoints,0
"Iran, US blockades creating biggest energy crisis in history Virginia voters approve mid-decade redistricting, Trump calls Virginia vote ""rigged"" - April 22, 2026 | KPFA",2026-04-23,shipping_chokepoints,2
Iran's Control Over the Strait of Hormuz Presents Major Strategic Challenges for the U.S. - SSBCrack News,2026-04-09,shipping_chokepoints,0
Iran's economy in charts: Hyperinflation and depreciating rial,2026-04-23,shipping_chokepoints,4
"Iran's military advisor says US blockade 'will fail,' warns of confrontation if it persists",2026-04-30,shipping_chokepoints,0
Iran's parliament speaker said the country would not reopen the Strait of Hormuz as long as the US naval blockade remained - NewsBreak,2026-04-23,shipping_chokepoints,8
Iraq halts oil port operations after tanker attacked in territorial waters,2026-03-12,shipping_chokepoints,9
Irrational response to Middle East conflict risks slowing transition to renewable energy,2026-04-30,shipping_chokepoints,8
Israel says it has killed Iran's navy chief overseeing Strait of Hormuz blockade,2026-03-26,shipping_chokepoints,0
ISW: Kremlin may be preparing new demands for Ukraine and NATO,2026-03-12,semiconductor_electronics,0
LPG prices soar for 1st time since April last year,2026-03-12,shipping_chokepoints,4
Macron in Trump's crosshairs as US president blasts France over Hormuz blockade | Hindustan Times,2026-04-02,shipping_chokepoints,0
Market report: Impasse over Iran sends oil price sharply higher | MarketScreener,2026-04-23,shipping_chokepoints,10
"Markets Open Weak as Crude at $120, Sensex Falls 900 Points",2026-04-30,shipping_chokepoints,10
"Markets Slide as Oil Tops $100, Sensex Falls 650 Points In Early Trade - Outlook Business",2026-04-23,shipping_chokepoints,10
Middle East crisis live: Trump says Israel and Lebanon to hold talks Thursday US hits Iran's oil sector with new sanctions - NewsBreak,2026-04-16,shipping_chokepoints,2
Middle East crisis live: US and Iran in blockade stalemate as Washington's navy secretary leaves office 'immediately' - NewsBreak,2026-04-23,shipping_chokepoints,5
"Middle East Crisis: We'll Ensure There Is No Fuel Scarcity In Nigeria, Says Dangote Refinery - Daily Trust",2026-03-06,semiconductor_electronics,4
Middle East war: global economic fallout,2026-03-12,shipping_chokepoints,4
"Mideast Conflict Causes Historic Oil Supply Disruption, Warns IEA",2026-03-12,shipping_chokepoints,1
Mideast Stocks: Most Gulf markets dip on stalled US-Iran peace efforts,2026-04-23,shipping_chokepoints,1
Mideast Stocks: UAE stocks fall early as Iran escalates regional attacks,2026-03-12,shipping_chokepoints,10
"No deal, no passage",2026-04-23,shipping_chokepoints,5
No deal unless no nukes: Trump as US turns back 42 ships,2026-04-25,shipping_chokepoints,0
"Nissan Thai plant to be shut down What happens to Navara, Terra production?",2025-02-14,semiconductor_electronics,3
No sign of peace talks restarting as Iran seizes two ships in Strait of Hormuz,2026-04-23,shipping_chokepoints,0
No Way Out for Trump on Iran,2026-04-30,shipping_chokepoints,0
Not just energy: How the Iran war could trigger a global food crisis,2026-03-18,shipping_chokepoints,8
"Offensive stage of Iran war is over, US Secretary of State Rubio says",2026-05-06,shipping_chokepoints,0
"Oil at four-year high, stocks slip after Trump blockade warning",2026-04-30,shipping_chokepoints,0
Oil exports through the Strait of Hormuz might not return to levels seen before the Iran war,2026-05-30,shipping_chokepoints,0
Oil drops below $100 again as US offers memo to Iran in bid to reopen Strait of Hormuz,2026-05-07,shipping_chokepoints,1
Oil holds slump as US offers memo to Iran in bid to open strait - Moneyweb,2026-05-07,shipping_chokepoints,1
Oil jumps as Iran keeps Hormuz shut despite truce extension,2026-04-23,shipping_chokepoints,8
Oil jumps past $100 following Iran-US impasse - Shafaq News,2026-04-23,shipping_chokepoints,1
Oil jumps to highest price since 2022 after report Trump to be briefed on new Iran options,2026-04-30,shipping_chokepoints,1
Oil Moves Higher as Peace Talks Look Shaky | Investing.com AU,2026-04-23,shipping_chokepoints,1
"Oil jumps, shares skid after attacks on Gulf shipping | MarketScreener",2026-03-12,shipping_chokepoints,1
"Oil Price Hike: Crude hits highest level since 2022, soars above $120 How will it impact India?",2026-04-30,shipping_chokepoints,1
Oil price soars to highest price since 2022 as US-Iran impasse shows no sign of resolution,2026-04-30,shipping_chokepoints,1
Oil price hits wartime high after Trump warns Iran blockade could last 'months' - NewsBreak,2026-04-30,shipping_chokepoints,1
Oil price hits $125 per barrel -- highest since 2022,2026-04-30,shipping_chokepoints,1
Oil price tops $120 a barrel after Trump warns Iran blockade could last 'months',2026-04-30,shipping_chokepoints,1
Oil prices are at their highest levels since Russia invaded Ukraine in 2022 | National | khq.com,2026-04-30,shipping_chokepoints,1
Oil Prices Climb as Cease-Fire Uncertainty Deepens,2026-04-23,shipping_chokepoints,1
Oil prices fluctuate as status of US-Iran peace talks remains unclear,2026-04-22,shipping_chokepoints,1
Oil prices hit highest level since Iran war began,2026-04-30,shipping_chokepoints,1
"Oil prices rise amid new U.S. threat, few signs of breaking stalemate with Iran",2026-04-30,shipping_chokepoints,1
Oil prices surge amid mixed signals on US-Iran peace talks,2026-04-20,shipping_chokepoints,1
Oil prices surge as Trump signals continuation of Iran naval blockade,2026-04-30,shipping_chokepoints,1
Oil rises after Iran strikes Middle East energy facilities,2026-03-19,shipping_chokepoints,1
Oil Prices Surge Amid Iran's Seizure of Ships in Strait of Hormuz - SSBCrack News,2026-04-23,shipping_chokepoints,1
"Oil Prices Soars As Trump Warns Of Extended Blockade, But Iran May Bypass It Via Pakistan | VINnews",2026-04-30,shipping_chokepoints,1
Oil Prices Surge Amid U.S.-Iran Tensions and Supply Disruption Fears - EconoTimes,2026-04-30,shipping_chokepoints,1
Oil prices surge as geopolitical tensions escalate in the Gulf - Worldnews.com,2026-03-12,shipping_chokepoints,1
Oil prices top $125 as US considers military options to break Iran deadlock,2026-04-30,shipping_chokepoints,1
"Oil rises above $97 after 13% drop, biggest since 2020, as Strait of Hormuz disruption persists | World News",2026-04-09,shipping_chokepoints,1
"Oil Surges Past $100 as Iran-US Tensions Choke Hormuz, Ceasefire Hangs by a Thread",2026-04-23,shipping_chokepoints,1
"Oil surges 7%, stocks slip on Trump blockade warning | Afp | wfmz.com",2026-04-30,shipping_chokepoints,0
"Oil surges to four-year high, stocks slip after Trump blockade warning",2026-04-30,shipping_chokepoints,0
"Oil surges to four-year high, stocks slip after Trump blockade warning - Worldnews.com",2026-04-30,shipping_chokepoints,0
Oil temporarily surges above $126 per barrel as US-Iran conflict seemingly intensifies,2026-04-30,shipping_chokepoints,1
"Oleg Tsarev: Bloomberg, based on the analysis of satellite data, writes that oil shipments from the main Iranian export terminal Kharg have completely stopped since May 8 - Pravda EN",2026-05-14,shipping_chokepoints,0
Oil: Supply shock fears offset IEA release - Commerzbank,2026-03-12,shipping_chokepoints,1
"Oman evacuates oil port, ships hit in Gulf as crisis worsens",2026-03-12,shipping_chokepoints,9
"ONGC Share Price Climbs 2.27% to ₹283.25 as China Stops Diesel, Gasoline Exports",2026-03-05,shipping_chokepoints,1
Oil Prices Soar as Iran Standoff Shows No End in Sight,2026-04-30,shipping_chokepoints,1
Pakistan offers two-stage truce plan to end US-Israel war: Report,2026-04-06,shipping_chokepoints,0
Pentagon admits $25 billion price tag for Iran war is an underestimation - World Socialist Web Site,2026-05-14,shipping_chokepoints,2
"Qatar calls on Iran to stop Gulf attacks, urges diplomatic solution",2026-03-16,shipping_chokepoints,2
"Rescue operations underway in flood-hit regions in China's Guizhou, Guangxi",2026-06-21,semiconductor_electronics,7
Rupee Opens Weaker At ₹94 Against the U.S. Dollar As Crude Oil Prices Rise,2026-04-23,shipping_chokepoints,10
Security incidents hit Kuwait and Oman as US-Israel-Iran war spreads - Shafaq News,2026-03-05,shipping_chokepoints,9
Senate Blocks Move to Halt US War Against Iran,2026-04-16,shipping_chokepoints,2
Seoul shares sharply up on eased Mideast tensions,2026-04-16,shipping_chokepoints,5
Shell profits surge on Iran war price-shock as windfall tax calls grow,2026-05-07,shipping_chokepoints,1
Silver Price Forecast: XAG/USD plummets below $76 as oil price posts fresh weekly high,2026-04-23,shipping_chokepoints,11
South Pars strike sparks US warning: Trump vows action against further attacks- The Week,2026-03-19,shipping_chokepoints,2
Shell profits rise as Iran war pushes oil prices higher,2026-05-07,shipping_chokepoints,1
Stephen Miller Suggests Blockade Could Extend 'Indefinitely',2026-04-16,shipping_chokepoints,0
"Sterling Rises on US-Iran Ceasefire, Eyes Middle East",2026-04-09,shipping_chokepoints,11
Stagflation risks pile up as Iran war stretches into 3rd month,2026-04-30,shipping_chokepoints,8
"Stock market today: Dow, S&P 500 and Nasdaq futures slide as oil tops $100, Tesla slips after earnings",2026-04-23,shipping_chokepoints,10
South African rand slips as investors seek clarity on stalled US-Iran peace talks,2026-04-23,shipping_chokepoints,11
"Stocks slip, as new phase of Iran war drags on, Tesla fails to impress with AI plans",2026-04-23,shipping_chokepoints,4
Strait of Hormuz blockade and other major naval sieges in modern times,2026-05-03,shipping_chokepoints,0
"Strait of Hormuz evacuation plan to begin for ships stranded in Persian Gulf, maritime organization says",2026-06-24,shipping_chokepoints,0
"Strait of Hormuz blockade pushes silver past $100, gold over $5,000",2026-04-23,shipping_chokepoints,11
"Strait of Hormuz: Trump Rejects Iran's Offer, Oil Prices Surge",2026-04-30,shipping_chokepoints,8
Takaichi Diplomacy: Use Updated Vision to Expand Ranks of Like-Minded Nations,2026-05-05,shipping_chokepoints,0
Tensions Escalate as Iran Rules Out Reopening Strait of Hormuz Amid US Standoff | Ratopati | No.1 Nepali News Portal,2026-04-23,shipping_chokepoints,0
"The ""Systemic Failures"" Before The Southport Attack",2026-04-14,shipping_chokepoints,0
"The first week of the Iran war cost the US $11,3 billion, the second is underway",2026-03-12,shipping_chokepoints,2
"The Real Danger Is Not Hormuz, but the 'Energy Heartland' - Businesskorea",2026-03-19,shipping_chokepoints,4
The United States continues to blockade the Strait of Hormuz and does not say when it will end - Pravda EN,2026-04-16,shipping_chokepoints,0
The USA Blocks the Straits of Hormuz - Worldnews.com,2026-04-15,shipping_chokepoints,0
The US sinking a warship off Sri Lanka doesn't solve a cr...,2026-03-05,shipping_chokepoints,0
The Gibbons Report: 30 April 2026,2026-04-30,shipping_chokepoints,1
The global winners and losers of the war in Iran,2026-03-20,shipping_chokepoints,4
Thousands of passengers stranded as Middle East airspace shuts,2026-03-02,shipping_chokepoints,6
TotalEnergies expects sharp rise in first-quarter earnings despite output hit from Iran war,2026-04-16,shipping_chokepoints,4
TotalEnergies Expects Strong Q1 Earnings Boost Despite Conflict Impact,2026-04-16,shipping_chokepoints,5
Tracking the shadow fleet: How Iran evaded the US naval blockade in Hormuz,2026-04-30,shipping_chokepoints,0
Trump announces pause on US operation to reopen Strait of Hormuz,2026-05-06,shipping_chokepoints,0
Trump announces Strait of Hormuz blockade after US-Iran peace talks end,2026-04-12,shipping_chokepoints,0
Trump denied he knew Israel was to attack Iran's gas field after Iranian retaliation: Axios,2026-03-18,shipping_chokepoints,2
Trump discusses prolonged Iran blockade as oil hits one-month high,2026-04-30,shipping_chokepoints,0
Trump expresses optimism a deal with Iran could be reached soon,2026-05-07,shipping_chokepoints,0
Trump Is Running out of Options to Contain Gas Price Backlash,2026-05-03,shipping_chokepoints,1
Trump Miscalculated Iran. Here's What Happened - Pravda USA,2026-03-26,shipping_chokepoints,0
Trump raised the stakes: The naval blockade against Iran could last for months.,2026-04-30,shipping_chokepoints,0
"Trump rejects Iran proposal, keeps blockade - Pakistan Today - Pakistan Today",2026-04-30,shipping_chokepoints,0
"Trump rejects Iran proposal, keeps naval blockade amid nuclear deal stalemate",2026-04-30,shipping_chokepoints,0
Trump says ‘many countries’ will send warships to Hormuz amid Iran blockade,2026-03-15,shipping_chokepoints,0
Trump reshared 'The Storm is Coming' message on Truth Social | Iran International,2026-04-30,shipping_chokepoints,4
Trump says 'no time frame' on Iran war as blockade standoff stalls talks,2026-04-23,shipping_chokepoints,0
"Trump says he rejects Iran's Hormuz offer, sustains blockade",2026-04-30,shipping_chokepoints,0
"Trump Says Deal Will ‘Work Out Well’ Even as US, Iran Clash | The Opening Trade 6/1/2026",2026-06-01,shipping_chokepoints,0
"Trump says he rejects Iran Hormuz offer, maintains blockade | News & Features « ArcaMax Publishing",2026-04-29,shipping_chokepoints,0
"Trump Says He Rejects Iran's Hormuz Offer, Sustains Blockade",2026-04-30,shipping_chokepoints,0
Trump says Iran has 'no plan' to execute protesters,2026-01-15,shipping_chokepoints,2
Trump says Iranian ships will be ‘eliminated’ as US naval blockade begins,2026-04-13,shipping_chokepoints,0
"Trump says Iran 'choking like a stuffed pig', won't lift Hormuz blockade - Worldnews.com",2026-04-30,shipping_chokepoints,0
Trump says US will ‘help free up’ ships stuck in Hormuz Strait,2026-05-04,shipping_chokepoints,0
Trump says US to 'guide' stranded ships through Strait of Hormuz,2026-05-04,shipping_chokepoints,0
Trump signals prolonged Iran blockade as oil prices surge and global risks intensify | World | The Vibes,2026-04-30,shipping_chokepoints,0
"Trump seizes Russian-flagged tanker, plunders Venezuelan oil, threatens to attack Greenland - World Socialist Web Site",2026-01-08,shipping_chokepoints,0
Trump threatens to 'blow up' all of Iran's South Pars gasfield if Tehran strikes Qatar - NewsBreak,2026-03-19,shipping_chokepoints,2
Trump threatens to walk away from NATO,2026-04-02,shipping_chokepoints,0
"Trump warns Iran blockade could last months, sending oil prices soaring | National News | citizentribune.com",2026-04-30,shipping_chokepoints,0
"Trump vows to maintain Iran blockade, Tehran threaten ‘practical’ action",2026-04-30,shipping_chokepoints,0
"Trump warns Iran blockade could last months, sending oil prices soaring",2026-04-30,shipping_chokepoints,0
"Trump warns Iran blockade could last months, sending oil prices soaring | News | djournal.com",2026-04-30,shipping_chokepoints,0
"Trump warns Iran blockade could last months, sending oil prices soaring | National News | voiceofalexandria.com",2026-04-30,shipping_chokepoints,0
Trump's Iran Address: Oil's 11% Plunge vs. Bitcoin's 0.5% Dip,2026-04-02,shipping_chokepoints,10
Trump’s threat to blockade Hormuz: Why it’s war’s latest major escalation,2026-04-13,shipping_chokepoints,0
U.S. blockade puts a chill on shipping from Iran,2026-04-16,shipping_chokepoints,0
"U.S. to not renew sanctions waiver on Russian, Iranian oil India likely to feel impact",2026-04-16,shipping_chokepoints,4
UAE resumes limited flights amid travel chaos across Middle East,2026-03-03,shipping_chokepoints,6
UK GDP unexpectedly declines by 0.1% in September,2025-11-13,european_auto,3
UK inflation hits 3.3% as middle east conflict drives fuel prices,2026-04-23,shipping_chokepoints,4
UK steps up plans for potential shortages caused by Iran war,2026-04-26,shipping_chokepoints,4
ultrasurfing.com/business-and-economy/nigerian-airlines-avert-shutdown-as-iran-war-hikes-fuel-prices/,2026-04-30,shipping_chokepoints,1
UN agency pauses Hormuz ship evacuation plan after first vessel attack under peace deal,2026-06-26,shipping_chokepoints,0
ultrasurfing.com/top-stories/trump-warns-iran-blockade-could-last-months-sending-oil-prices-soaring/,2026-04-30,shipping_chokepoints,0
US and Iran in blockade standoff as Pakistan pushes for talks,2026-04-23,shipping_chokepoints,0
US average gas prices rise 50 pct since Iran conflict,2026-05-07,shipping_chokepoints,8
US enforces blockade on Iranian ports as naval vessels patrol Gulf of Oman,2026-04-16,shipping_chokepoints,0
US Gas Prices Hit 4-Year High Amid Diplomatic Deadlock,2026-04-29,shipping_chokepoints,1
US has three aircraft carriers in the Middle East for first time since 2003,2026-04-25,shipping_chokepoints,0
US military intercepts Iranian-flagged ship in Strait of Hormuz 10 ships turned back since start of naval block | World News,2026-04-16,shipping_chokepoints,0
US military threatens to blockade all Iranian ports starting on Monday,2026-04-13,shipping_chokepoints,0
US Naval Blockade in Strait of Hormuz: Tensions and Global Economic Risks - Archyde,2026-04-30,shipping_chokepoints,0
"US Naval Blockade on Iran Could Extend for Months, Fueling Global Oil Market Volatility | Ratopati | No.1 Nepali News Portal",2026-04-30,shipping_chokepoints,0
US Navy Secretary Phelan ousted as naval blockade of Iran continues,2026-04-23,shipping_chokepoints,0
US Navy Secretary John Phelan removed from post amid Iran war,2026-04-23,shipping_chokepoints,0
US optimistic of peace deal as Iran faces increase in pressure on its economy,2026-04-16,shipping_chokepoints,0
US military releases video of marines seizing Iranian ship,2026-04-20,shipping_chokepoints,0
US petrol prices 50 percent higher than before war on Iran,2026-05-06,shipping_chokepoints,1
US redirects over 40 vessels since beginning of Iran's naval blockade,2026-04-30,shipping_chokepoints,0
US sanctions hit Iran's oil sector as 140M barrel waiver expires,2026-04-16,shipping_chokepoints,1
"US sanctions Chinese companies, tankers with Venezuela links - The Business Times",2026-01-01,critical_materials,0
US Says Its Blockade Against Iran Has Redirected 100 Vessels,2026-05-23,shipping_chokepoints,0
US seeks international help to reopen Strait of Hormuz as crude prices surge,2026-04-30,shipping_chokepoints,8
US seeks new international coalition to reopen Strait of Hormuz: Report,2026-04-30,shipping_chokepoints,0
US threatens shipping firms with sanctions if they pay Iran tolls,2026-05-02,shipping_chokepoints,0
US treasury secretary says blockade on Iranian ports a 'resounding success' - MTV Lebanon,2026-05-10,shipping_chokepoints,0
US War Against Iran Costs $25 Billion Since Operation Epic Fury Began - SSBCrack News,2026-04-30,shipping_chokepoints,2
"US warns shippers against paying Strait of Hormuz tolls, ‘donations’",2026-05-02,shipping_chokepoints,0
"US-Iran tensions escalate as oil prices surges, Gaza Flotilla intercepted",2026-04-30,shipping_chokepoints,0
"US-Israel vs Iran war enters day 6: Missiles over Israel, oil spill in Gulf West ...",2026-03-05,shipping_chokepoints,2
US-Israel-Iran war LIVE Updates: Airfares likely to rise due to higher war risk premiums for West Asia flights,2026-03-12,shipping_chokepoints,6
US-sanctioned supertankers enter Gulf despite blockade,2026-04-16,shipping_chokepoints,0
US-sanctioned supertankers enter Gulf despite blockade - AL-MONITOR: The Middle Eastʼs leading independent news source since 2012,2026-04-16,shipping_chokepoints,0
US-Israel-Iran Conflict: Gulf Tanker Attacks Near Basra Force Iraq To Halt Oil Terminal Operations,2026-03-12,shipping_chokepoints,9
"USD/INR extends winning streak amid firm US Dollar, higher oil prices",2026-04-23,shipping_chokepoints,10
"User | malvern-online.com - Gold Shatters $5,000 Milestone as Middle East Conflict Ignites Global Flight to Safety",2026-03-19,shipping_chokepoints,11
Wall St futures slip as investors pause for clarity on US-Iran war,2026-04-23,shipping_chokepoints,0
Vitol Says Europe and US Aren’t Facing Up to Oil Supply Crunch,2026-06-02,shipping_chokepoints,1
War threatens food supplies in Asia as fertilizer prices soar | Arab News PK,2026-03-12,shipping_chokepoints,4
War in Iran is proof that fossil fuel can be a geopolitical issue: UN,2026-03-19,shipping_chokepoints,4
"West Asia war: LPG crisis hit Thane in Maharashtra, over 800 hotels and restaurants face possible shutdown",2026-03-12,shipping_chokepoints,4
US staring down a 'serious long-term consequence' of Trump's 'discretionary' war: expert - NewsBreak,2026-04-16,shipping_chokepoints,0
West Asia conflict: Brent crude surges past USD 120 per barrel after Trump says Strait of Hormuz blockade will continue,2026-04-30,shipping_chokepoints,0
What is a naval blockade and how would it work in Strait of Hormuz?,2026-04-13,shipping_chokepoints,0
What we know about Trump's 'Project Freedom' aimed to help stranded ships through Strait of Hormuz,2026-05-04,shipping_chokepoints,0
What's happening to gas prices and how could it affect you?,2026-03-19,shipping_chokepoints,2
What we know about the Iranian ship seized by the US,2026-04-21,shipping_chokepoints,0
When will Strait of Hormuz be ‘safe’ for commercial shipping again?,2026-04-28,shipping_chokepoints,0
Why oil prices aren’t what you think – and what it means for global supply,2026-04-13,shipping_chokepoints,4
Why the oil and gas price shock from the Iran war won’t just fade away,2026-03-24,shipping_chokepoints,1
China bans export of dual-use items to Japan amid tensions over Taiwan,2026-01-07,semiconductor_electronics,3
China manufacturing sinks again in July as US trade talks stall | Afp | wfmz.com,2025-07-31,semiconductor_electronics,3
‼️Oil prices are rising again: Brent crude approached $105 per barrel - Pravda EN,2026-04-23,shipping_chokepoints,1
Tsunami warning after massive earthquake rocks Russian coast,2025-07-30,semiconductor_electronics,7
'Confusing': Allies Scratch Their Heads Over Trump's Calls for Help With Iran,2026-03-26,shipping_chokepoints,0
'Get Ready For Oil To Be $200/Barrel': Iran's Big Ultimatum As Tensions In Strait Of Hormuz Deepens,2026-03-12,shipping_chokepoints,1
‘It helps us survive’: Poverty forces children into mine work in DR Congo,2026-03-20,critical_materials,7
"'This will not be easy' says PM, setting out plans to counter impact of Iran war | STV News",2026-04-01,shipping_chokepoints,4
"[중동전쟁(상)] Iran-Israel full-scale war, the Korean economy 'Perfect Storm' warning light",2025-06-19,shipping_chokepoints,2
🟥 The US announced that it had turned away 31 ships as part of the blockade on Iranian ports - Pravda Turkey,2026-04-23,shipping_chokepoints,0
Air traffic: Ongoing shutdown in the USA affects air traffic | blue News,2025-10-09,us_logistics,6
Area of Iran's Arak heavy water plant comes under Israeli attack - Mehr,2025-06-19,shipping_chokepoints,2
Asian Shares Tumble After Oil Price Surge,2026-03-12,shipping_chokepoints,5
Asian Stocks In Sober Mood As Oil Rises On Middle East Truce Doubts,2026-04-09,shipping_chokepoints,5
Asian Shares Slide As US-Iran Tensions Persist,2026-04-23,shipping_chokepoints,5
At least 34 killed in heavy rains and flooding in and near Beijing,2025-07-29,semiconductor_electronics,7
Australian Shares Extend Losing Streak Woolworths Group Reports Higher Fiscal Q3 Sales,2026-04-30,shipping_chokepoints,1
Beyond oil: The crucial exports blocked by Hormuz closure,2026-03-27,shipping_chokepoints,8
"Blockade of a Blockade: As Tehran Menaces Strait of Hormuz, US Tightens Vise on Iranian Shipping - Whatfinger News Quick Hits",2026-04-29,shipping_chokepoints,0
Boeing says China not accepting planes over US tariffs | FMT,2025-04-24,semiconductor_electronics,3
Breaking News: Iran Claims Attack on Thai Ship 'Mayuri Nari' in Strait of Hormuz,2026-03-12,shipping_chokepoints,0
Breaking: Indian Rupee plummets to record lows against US Dollar around 95.35,2026-04-30,shipping_chokepoints,10
"Brent crude tops $125 a barrel on Iran war worries, while world stocks retreat . - News in English на 123ru.net",2026-04-30,shipping_chokepoints,1
"Capture of ships by US, Iran violates international law, shipping body says",2026-04-25,shipping_chokepoints,0
Copper dips on wavering demand despite tight supply,2025-09-04,semiconductor_electronics,3
Crude Oil Climbs Above $105 Amid Strait of Hormuz Attacks and Diplomatic Deadlock,2026-04-23,shipping_chokepoints,1
Crypto Scammers Impersonate Iran to Demand Bitcoin Payments From Ships at Strait of Hormuz,2026-04-23,shipping_chokepoints,0
Dax edges lower at the open as hopes for Iran peace fade,2026-04-23,shipping_chokepoints,8
Dollar Firms as Middle East Deadlock Drives Oil Over $100: Fed Rate Cut Hopes Fade Amid War Shock,2026-04-23,shipping_chokepoints,1
"Dubai Airports update: International airlines cancelling flights to Dubai, Doha and Middle East hubs amid rising regional tensions - The Times of India",2026-03-12,shipping_chokepoints,6
"During European trading, XAG/USD drops almost 2.3% near $76, pressured by oil's third-day rise - VT Markets",2026-04-23,shipping_chokepoints,11
"Escalating Conflict in Eastern DRC: What's Happening and Why It Matters - 30.01.2025, Sputnik Africa",2025-01-31,critical_materials,4
"Energy prices may take ‘months’ to normalise, despite ceasefire: Analysts",2026-04-10,shipping_chokepoints,8
Europe Faces Higher Gas Prices After Ukraine Cuts Off Gas Supply From Russia,2025-01-03,european_auto,2
Europe open: Shares fall on inflation fears as oil hits $100 a barrel - Sharecast.com,2026-03-12,shipping_chokepoints,1
European Shares Set To Plunge As Oil Soars After Tanker Attacks,2026-03-12,shipping_chokepoints,1
Evgeny Lisitsyn: The United States continues the naval blockade of Iran and does not specify a time frame for its completion - Pravda EN,2026-04-16,shipping_chokepoints,0
Fears grow that ceasefire won't hold as Iran shuts Strait of Hormuz over attacks,2026-04-09,shipping_chokepoints,0
Fertiliser prices rise 11% fueling food inflation fears,2026-03-12,shipping_chokepoints,4
France braces for day of strikes amid political crisis,2025-09-18,european_auto,2
Flight paths squeezed as Iran conflict closes more airspace,2026-03-06,shipping_chokepoints,6
"FTSE 100 retreats as financial and energy stocks drag, GDP data disappoints | MarketScreener Hong Kong",2025-11-13,european_auto,10
FTSE 100 to fall as oil up amid uncertainty,2026-04-23,shipping_chokepoints,10
"Gas prices keep rising, but do big oil companies plan to drill more? Not so far",2026-05-07,shipping_chokepoints,1
Global oil price hits 4-year high on concern of US-Iran war escalation,2026-04-30,shipping_chokepoints,1
"Gold (XAUUSD) price forecast and analysis for today, 16 April 2026 - RoboForex",2026-04-16,shipping_chokepoints,11
"Gold Skyrockets Amid U.S.-China Tension, U.S. Shutdown, Rate Cut Expectations",2025-10-17,critical_materials,11
Hamas reviews new ceasefire proposals after Trump claims Israel is ready for peace deal – as it happened,2025-07-02,shipping_chokepoints,0
Heavy rain continues in quake-hit region on Sea of Japan coast - Worldnews.com,2025-08-07,semiconductor_electronics,7
Hegseth Faces Tough Questions on Iran War in First Testimony,2026-04-30,shipping_chokepoints,2
Hormuz Crisis Update | Iran Seizes MSC Francesca & Epaminondas | Mathrubhumi English,2026-04-23,shipping_chokepoints,0
How Persistently High Oil Prices Could Impact India's Vulnerable Economy,2026-03-12,shipping_chokepoints,4
How US blockade on Iran sanctioned ships turning around - Worldnews.com,2026-04-16,shipping_chokepoints,0
How Israel-US war on Iran puts $50bn in Indian remittances at risk,2026-03-13,shipping_chokepoints,4
Hundreds of tourists stuck on Yemeni island as tensions simmer on mainland,2026-01-06,shipping_chokepoints,9
"I-84, Hwy 30 closed between Hood River and The Dalles as Rowena Fire spreads - NewsBreak",2025-06-12,us_logistics,8
IEA Announces Historic 400 Million Barrel Oil Release Amid Middle East Conflict,2026-03-12,shipping_chokepoints,1
International oil prices return to triple digits! Evacuation at Omani ports as the crisis spreads beyond the Strait of Hormuz.,2026-03-12,shipping_chokepoints,8
Iran claims to have seized ‘offending’ oil tanker in Gulf of Oman,2026-05-08,shipping_chokepoints,9
"Iran Escalates War: Indian National Killed As Explosive Boats Strike Oil Tankers Safesea Vishnu, Zefyros Near Basra In Persian Gulf",2026-03-12,shipping_chokepoints,9
Iran launches new missile barrage at Israel as US Senate backs Trump's war powers,2026-03-05,shipping_chokepoints,2
Iran oil revenue soars as the only exporter out of Hormuz | Financial Post,2026-03-26,shipping_chokepoints,1
Iran tightens control of Hormuz after US calls off renewed attacks,2026-04-23,shipping_chokepoints,0
"Iran war’s big winners: Wall Street, weapons firms, AI and green energy",2026-04-17,shipping_chokepoints,4
Iran-US war latest: Oil prices leap as Trump weighs military options over Strait of Hormuz,2026-04-30,shipping_chokepoints,1
Iran's parliament speaker said the country would not reopen the Strait of Hormuz as long as the US naval blockade remained | National News | montanarightnow.com,2026-04-23,shipping_chokepoints,0
Is Trump's Strait of Hormuz Blockade Working? - World Today News,2026-04-16,shipping_chokepoints,0
Jaguar Land Rover production severely hit by cyber-attack,2025-09-02,european_auto,3
"Japan Stocks Close Lower After Nikkei Briefly Tops 60,000",2026-04-23,shipping_chokepoints,5
"Live Updates: Trump says Iran war will ""be over quickly"" as Tehran seeks to lay claim to Strait of Hormuz",2026-05-07,shipping_chokepoints,8
LPG shortage in country 1 crore people to be unemployed: Warns Arvind Kejriwal,2026-03-12,shipping_chokepoints,4
Lufthansa is latest airline to cut flights as war squeezes fuel prices and supplies,2026-04-23,european_auto,6
London pre-open: Stocks to fall amid Strait of Hormuz standoff,2026-04-23,shipping_chokepoints,1
Massive protests in Iran: Widespread shutdowns govt building attacked - 10 key points,2026-01-01,shipping_chokepoints,2
"Middle East Crisis Live Updates: US-Iran Blockade Stalemate, Israel-Gaza Tensions and Global Reactions",2026-04-23,shipping_chokepoints,0
Maritime Watchdog to Start Evacuating Stranded Seafarers From Middle East,2026-06-23,shipping_chokepoints,0
"Middle East Flight Status: Air India, IndiGo, Other Airlines Change Schedules Amid US-Iran Conflict Full Details",2026-03-12,shipping_chokepoints,6
Mikhail Onufrienko: #France Michelin plant closes in France due to expensive energy - Pravda EN,2025-09-04,european_auto,4
More than 200 killed in landslide at DRC coltan mine,2026-03-05,critical_materials,7
Moscow names main victim and beneficiary of Kiev's gas halt - Pravda EN,2025-01-04,european_auto,0
MSN,2026-05-07,shipping_chokepoints,1
"Naval Blockade to Continue Until Nuclear Deal is Reached, Says Trump",2026-04-30,shipping_chokepoints,0
No ships ‘make it past US blockade’ in Hormuz strait in first day: Pentagon,2026-04-15,shipping_chokepoints,0
Norway's central bank becomes first in Europe to hike rate since Middle East war,2026-05-07,shipping_chokepoints,1
"Officials: Flooding hits I-40 near TN/NC line, interstate to remain closed until further notice | wbir.com",2025-06-18,us_logistics,8
Oil jumps above $100 after US-Iran talks end without a deal,2026-04-13,shipping_chokepoints,1
Oil prices surge to highest level since 2022 as Trump mulls Iran blockade extension | Money news | channel3000.com,2026-04-30,shipping_chokepoints,1
Oil spikes while divided Federal Reserve keeps interest rates unchanged | National News | citizentribune.com,2026-04-30,shipping_chokepoints,1
Oil tops $100 as Iran attacks offset IEA stockpile release,2026-03-12,shipping_chokepoints,1
Oil Tops $126 a Barrel on Iran War Escalation Fears - What It Means for U.S. Gas Prices and Family Budgets - NewsBreak,2026-04-30,shipping_chokepoints,1
"Opening Bell: Nifty 50, Sensex Fall up to 0.94% as Oil Tops $100 Amid Strait of Hormuz Tensions",2026-04-23,shipping_chokepoints,10
"Pakistan ready for multi-day US-Iran talks, but Tehran unsure about joining",2026-04-20,shipping_chokepoints,0
Parliament Session 2026 LIVE: Congress stages protest over reports of nationwide shortage of LPG gas cylinders,2026-03-12,shipping_chokepoints,4
"Philippine Stocks Slip as BSP Hikes Rates Oil, Middle East Tensions and Weak Peso Weigh on PSEi",2026-04-23,shipping_chokepoints,5
Pre-Market Update: Sensex and Nifty 50 Likely to Start Thursday's Session on a Weaker Note Crude Oil Hits $120 per Barrel,2026-04-30,shipping_chokepoints,10
Protesting French farmers bring tractors to Paris centre,2026-01-08,european_auto,3
Protesting French farmers bring tractors to Paris centre | MarketScreener,2026-01-08,european_auto,3
"Qatar Airspace Closed, Flights Cancelled Amid West Asia Conflict",2026-03-04,shipping_chokepoints,6
Russia’s Lavrov visits China as US pressures Iran with Hormuz blockade,2026-04-14,shipping_chokepoints,0
"Russia attacks Odesa, claims Ukraine hit Zaporizhzhia nuclear plant",2026-04-27,shipping_chokepoints,7
Secretary Of US Navy Phelan Abruptly Departs Position 'effective Immediately' Amid Ongoing Iran Blockade - i24NEWS,2026-04-23,shipping_chokepoints,0
"Ship movement via Hormuz halts, global oil prices firm up - Telangana Today",2026-04-23,shipping_chokepoints,1
Shale Producers Stay on the Sidelines as Oil Crisis Deepens | Investing.com,2026-03-12,shipping_chokepoints,1
"SIGMA reports EBITDA of US $220 million in 1Q25, on track to reach full-year Guidance of US $1 ...",2025-04-24,european_auto,5
"Some Iran-linked ships have crossed US blockade, data suggests",2026-04-17,shipping_chokepoints,0
Starmer says UK will not support US blockade of Strait of Hormuz,2026-04-13,shipping_chokepoints,0
Strait of Hormuz at Standstill as Israeli attacks on Lebanon dent fragile Iran‑US Ceasefire,2026-04-09,shipping_chokepoints,0
Supertanker With Iraq Crude Exits Persian Gulf as Talks Continue,2026-05-25,shipping_chokepoints,0
The $125 Cliff Edge: Brent Hits Wartime High as Trump Threatens Iran Blockade,2026-04-30,shipping_chokepoints,1
The Papers: 'Starmer accused of Mandelson cover up' and 'Time for Strait talking',2026-04-19,shipping_chokepoints,0
The US is creating a new coalition to unblock the Strait of Hormuz and pressure Iran,2026-04-30,shipping_chokepoints,0
Tom Cotton Introduces Bill To Break China's Monopoly On Rare Earth Minerals For U.S. Defense,2025-07-09,critical_materials,3
TotalEnergies Earnings: Strong Trading Boosts Q1 Results,2026-04-16,shipping_chokepoints,1
Trump calls for naval coalition to open Strait of Hormuz: Can it work?,2026-03-15,shipping_chokepoints,0
"Trump Delivers Speech Criticizing Dems, Touting His Own Success",2025-12-18,shipping_chokepoints,0
Trump presented with RISKY secret Iran plan using US ground troops as oil prices plunge global economy into chaos,2026-04-30,shipping_chokepoints,0
Trump says Iran negotiations proceeding in 'orderly and constructive manner;' warns against rushing,2026-05-24,shipping_chokepoints,0
Trump threatens to 'blow up' all of Iran's South Pars gasfield if Tehran strikes Qatar - Yahoo News UK,2026-03-19,shipping_chokepoints,2
Trump vows no more attacks by Israel on Iran gas field after it 'violently lashed out',2026-03-19,shipping_chokepoints,2
"Trump warns Iran blockade could last months, sending oil soaring - Breitbart",2026-04-30,shipping_chokepoints,0
"Trump warns Iran blockade could last months, sending oil soaring | National News | mydailyrecord.com",2026-04-30,shipping_chokepoints,0
U.S. government shutdown deadlock deepens as competing funding bills fail in Senate,2025-10-09,us_logistics,0
"UAE in big DANGER! Iran continues to attack Dubai, other cities and ports, Citibank, Standard Chartered shut down most branches",2026-03-12,shipping_chokepoints,9
"U.S.-China Trade Tensions Resurface: Volatility Surges, Long-Term Rivalry Continues - FastBull",2025-10-08,critical_materials,3
ultrasurfing.com/business-and-economy/china-prioritises-energy-and-diplomacy-over-iran-support/,2026-03-05,shipping_chokepoints,4
UN chief calls Israel’s Gaza City plan ‘dangerous escalation’ as security council to meet on Saturday – as it happened,2025-08-09,european_auto,2
UN urges ‘all parties’ to respect navigation in Strait of Hormuz,2026-04-14,shipping_chokepoints,0
US blockade of Iranian ports explained in two minutes,2026-04-14,shipping_chokepoints,0
"US blockade: No Iranian ship allowed to cross Strait of Hormuz last three days, 10 sent back - Worldnews.com",2026-04-16,shipping_chokepoints,0
"US national average gas price has jumped to $4.30, according to AAA, the highest level since July 2022",2026-04-30,shipping_chokepoints,1
US Military Strikes Iranian Oil Tanker: Implications for the Oil Market and Geopolitical Stability,2026-05-07,shipping_chokepoints,9
US Senate again rejects bid to curb Trump's war powers on Iran,2026-04-16,shipping_chokepoints,0
"US-Israeli war on Iran will push 30 million back into poverty, UN warns",2026-04-24,shipping_chokepoints,4
Vehicle production in the UK falls to 73-year low,2026-01-29,european_auto,3
Vietnam’s gig workers slammed by rising fuel costs amid fallout of Iran war,2026-04-06,shipping_chokepoints,4
War enters new phase as Israel attack on Iran gasfield sparks Gulf response,2026-03-19,shipping_chokepoints,2
War spirals as information control tightens,2026-03-21,shipping_chokepoints,2
West Asia War Triggers LPG Shortage Across India As Panic Buying Hits Cities,2026-03-12,shipping_chokepoints,4
"We're Ready for Long War that Will Destroy Global Economy, Iran Warns",2026-03-12,shipping_chokepoints,4
When Hormuz chokes Why India and Kerala feel the heat first,2026-04-23,shipping_chokepoints,8
"Xi Jinping calls for the ""reunification"" of Taiwan in his New Year's speech after rehearsing the blockade of the island - Veritas News",2026-01-01,semiconductor_electronics,0
